Name,Email,CurrentAddress,PermanentAddress
Shane,shane99@yopmail.com,Brisbane,City 
Ricky,ricky123@yopmail.com,Sydney ,New York 
Watty ,watty456@yopmail.com,Paris,London
Nathan,nathan12@yopmail.com,Moonwalk,Moon
Lyon,lyon98@yopmail.com,Perth,Perthman
